{
    "accuracy": 79.02222222222223,
    "balanced_accuracy": 80.43025658465227,
    "precision": 52.52251140989268,
    "recall": 83.01813218951062,
    "f1": 64.33967966152916,
    "f2": 74.38074275931943,
    "roc_auc": 89.00209941294803,
    "pr_auc": 78.49096918146942,
    "mcc": 0.5318125972693395,
    "kappa": 0.5052373883589364,
    "ensemble_mode": "average",
    "recall_target": 0.8,
    "mode": "fast_pretrained_params"
}