{
  "xgboost": 0.24161051662086008,
  "lightgbm": 0.6846536032579759,
  "catboost": 0.073735880121164
}